<?xml version="1.0" encoding="UTF-8"?>

<pelicula titulo="traducido">AQUELLAS JUERGAS UNIVERSITARIAS</pelicula>
<original idioma="ingles">Old School</original>
<director>Todd Phillips</director>
<interpretes>Will Farrell, Luke Wilson, Vince Vaughn, Jeremy Piven</interpretes>
<sinopsis>
        Lorem ipsum dolor sit amet, consectetur adipiscing elit. Sed do eiusmod tempor incididunt ut labore et dolore magna aliqua.
        Ut enim ad minim veniam, quis nostrud exercitation ullamco laboris nisi ut aliquip ex ea commodo consequat. 
        Duis aute irure dolor in reprehenderit in voluptate velit esse cillum dolore eu fugiat nulla pariatur.
</sinopsis>   
<url>http://www.oldschool-themovie.com/</url>
<categoria edad="+16">Comedia </categoria>