<?xml version="1.0" encoding="UTF-8"?>

<articulo>
    <titulo>España rechaza asistir a la toma de posesión de la presidenta mexicana ante la “inaceptable exclusión del Rey”</titulo>
    <parrafo>
    Las autoridades mexicanas invitaron al Gobierno, pero no a Felipe VI a la histórica ceremonia 
    </parrafo>
</articulo>

<articulo>
    <titulo>Los sirios doblemente desplazados por la guerra: “Si se alargan los bombardeos en Líbano, me planteo volver a mi país”</titulo>
    <parrafo>
    Familias de sirios que huyeron del conflicto hace una década escapan ahora de los ataques israelíes y denuncian un trato discriminatorio respecto a los libaneses
    </parrafo>
</articulo>

<articulo>
    <titulo>Rebelión científica para que Europa apruebe el controvertido medicamento contra el alzhéimer</titulo>
    <parrafo>
    El nuevo anticuerpo monoclonal lecanemab solo beneficiaría al 5% de pacientes, según la Sociedad Española de Neurología, que aboga por aprobarlo
    </parrafo>
</articulo>

