﻿<?xml version="1.0" encoding="UTF-8"?>
<centro>
  <modulos>
    <modulo id="0228">
      <nombre>Aplicaciones web</nombre>
      <curso>2</curso>
      <horasSemanales>4</horasSemanales>
      <ciclo>SMR</ciclo>
    </modulo>
    <modulo id="0372">
      <nombre>Gestión de bases de datos</nombre>
      <curso>1</curso>
      <horasSemanales>5</horasSemanales>
      <ciclo>ASIR</ciclo>
    </modulo>
    <modulo id="0373">
      <nombre>Lenguajes de marcas y sistemas de gestión de información</nombre>
      <curso>1</curso>
      <horasSemanales>3</horasSemanales>
      <ciclo>ASIR</ciclo>
      <ciclo>DAW</ciclo>
    </modulo>
    <modulo id="0376">
      <nombre>Implantación de aplicaciones web</nombre>
      <curso>2</curso>
      <horasSemanales>5</horasSemanales>
      <ciclo>ASIR</ciclo>
    </modulo>
  </modulos>
</centro>