﻿<?xml version="1.0" encoding="UTF-8"?>
<centro codigo="11001567">
  <nombre>Salesianos Cádiz</nombre>
  <web>http://www.salesianos-cadiz.com</web>
  <ciclos>
    <ciclo id="ASIR">
      <nombre>Administración de Sistemas Informáticos en Red</nombre>
      <grado>Superior</grado>
      <decretoTitulo año="2009" />
    </ciclo>
    <ciclo id="DAM">
      <nombre>Desarrollo de Aplicaciones Multiplataforma</nombre>
      <grado>Superior</grado>
      <decretoTitulo año="2010" />
    </ciclo>
    <ciclo id="SMR">
      <nombre>Sistemas Microinformáticos y Redes</nombre>
      <grado>Medio</grado>
      <decretoTitulo año="2008" />
    </ciclo>
  </ciclos>
</centro>