<?xml version="1.0" encoding="UTF-8"?>

<plan>
    <ciclo>Desarrollo de Aplicaciones Multiplataforma</ciclo>
    <curso>Primer curso</curso>

    <dia id="Lunes">
        <horainicio>08:00</horainicio>
        <horafinalizacion>14:20</horafinalizacion>
        <asignaturas>
            <asignatura>Sistemas</asignatura>
            <asignatura>Entornos</asignatura>
            <asignatura>Base de datos</asignatura>
            <asignatura>Lenguajes de marcas</asignatura>
            <asignatura>Programación</asignatura>
        </asignaturas>
    </dia>

    <dia id="Martes"> 
        <horainicio>08:00</horainicio>
        <horafinalizacion>14:20</horafinalizacion>
        <asignaturas>
            <asignatura>Lenguajes de marcas</asignatura>
            <asignatura>Empresa</asignatura>
            <asignatura>Entornos</asignatura>
            <asignatura>Sistemas</asignatura>
        </asignaturas>
    </dia>

    <dia id="Miercoles"> 
        <horainicio>08:00</horainicio>
        <horafinalizacion>14:20</horafinalizacion>
        <asignaturas>
            <asignatura>Sostenibilidad</asignatura>
            <asignatura>Digitalización</asignatura>
            <asignatura>Empresa</asignatura>
            <asignatura>Base de datos</asignatura>
        </asignaturas>
    </dia>

    <dia id="Jueves"> 
        <horainicio>08:00</horainicio>
        <horafinalizacion>14:20</horafinalizacion>
        <asignaturas>
            <asignatura>Base de datos</asignatura>
            <asignatura>Empresa</asignatura>
            <asignatura>Programación</asignatura>
        </asignaturas>
    </dia>

    <dia id="Viernes"> 
        <horainicio>08:00</horainicio>
        <horafinalizacion>14:20</horafinalizacion>
        <asignaturas>
            <asignatura>Entornos</asignatura>
            <asignatura>Sistemas</asignatura>
            <asignatura>Programación</asignatura>
        </asignaturas>
    </dia>
</plan>
