<?xml version="1.0"?> 

<hoteles>

	<hotel estrellas='4'>
		<nombre>L'Elysée Val d'Europe</nombre>
		<telefono prefijo='+33'>1 64 63 33 33</telefono>
		<direccion>
			<calle numero='7'>Cours du Danube</calle>
			<ciudad> Serris</ciudad>
			<pais>Francia</pais>
		</direccion>
		<num_habitaciones individuales='20' dobles='60' triples='25' suites='10'/>
		<descripcion idioma='español'>Este hotel, que ocupa un edificio de estilo haussmaniano, se encuentra a 2,2 km de la estación de Marne‑la‑Vallée Chessy, a 5,6 de Disneyland® París y a 37 del centro urbano de París.</descripcion>
	</hotel>

	<hotel estrellas='2'>
		<nombre>Fun Key</nombre>
		<telefono prefijo='+32'>2 733 23 53</telefono>
		<direccion>
			<calle numero='116'>Rue Artan</calle>
			<ciudad>Schaerbeek</ciudad>
			<pais>Bruselas</pais>
		</direccion>
		<num_habitaciones individuales='24' dobles='10' triples='14' suites='5'/>
		<descripcion idioma='español'>A 2,5 km del Parlamento Europeo, ofrece un salón compartido, un jardín y aparcamiento privado gratuito. El lugar y la gente, la originalidad.</descripcion>
	</hotel>

	<hotel estrellas='4'>
		<nombre>Monte Puertatierra</nombre>
		<telefono>956 27 21 11</telefono>
		<direccion>
			<calle numero='34'>Av. Andalucía</calle>
			<ciudad>Cadiz</ciudad>
			<pais>España</pais>
		</direccion>
		<num_habitaciones individuales='23' dobles='30' triples='10' suites='10'/>
	</hotel>

</hoteles>
