<?xml version="1.0"?> 

<factura>
	<numero>999</numero>
	<fecha>12-01-2005</fecha>
	<pedido>731</pedido>

	<datos_empresa>
		<nombre>Equipos Digitales S.L.</nombre>
		<cif>Q-9876543</cif>
		<telefono>91.777.66.88</telefono>
		<fax>91.777.66.99</fax>
		<direccion>
		    <via>Av.Valladolid</via>
			<localidad>Madrid</localidad>
			<codigo_postal>28015</codigo_postal>
		 </direccion>
	</datos_empresa>

	<datos_cliente>
		<cod_cliente>879</cod_cliente>
		<nombre>Darío Bueno Gutiérrez</nombre>
		<direccion>
		    <via>Av.Oporto</via>
			<numero>7</numero>
			<piso>4ºD</piso>
			<poblacion>Madrid</poblacion>
			<codigo_postal>28043</codigo_postal>
			<provincia>Madrid</provincia>
		 </direccion>		
	</datos_cliente>

	<lineas>

		<linea>
			<ref>MII93000F/8</ref>
			<descripcion>Micro Pentium IV 3000MHZ FB800</descripcion>
			<cantidad>1</cantidad>
			<precio>230 euros</precio>
			<iva>16%</iva>
			<importe>266,80 euros</importe>
		</linea>

		<linea>
			<ref>MB8QDIP4</ref>
			<descripcion>Placa Base QDI P4</descripcion>
			<cantidad>1</cantidad>
			<precio>180 euros</precio>
			<iva>16%</iva>
			<importe>208,80 euros</importe>
		</linea>

		<linea>
			<ref>MEDD512M32</ref>
			<descripcion>DIMM DR 512MB 3200</descripcion>
			<cantidad>2</cantidad>
			<precio>40 euros</precio>
			<iva>16%</iva>
			<importe>92,80 euros</importe>
		</linea>

		<linea>
			<ref>HD250GSA7</ref>
			<descripcion>Disco Duro 250GB S-ATA 7200</descripcion>
			<cantidad>4</cantidad>
			<precio>120 euros</precio>
			<iva>16%</iva>
			<importe>556,80 euros</importe>
		</linea>

	</lineas>

	<base_imponible>970</base_imponible>
	<tipo_iva>16%</tipo_iva>
	<cuota_iva>155,20 euros</cuota_iva>
	<total_factura>1125,20 euros</total_factura>
	<forma_pago>Efectivo</forma_pago>

</factura>